date,Open,High,Low,Close,Volume,captured_at
2026-08-20,712.09,714.94,708.52,710.93,33396420.0,2026-09-24T18:10:43+00:00
2026-08-21,715.23,715.6738,709.2,713.44,33399410.0,2026-09-24T18:10:43+00:00
2026-08-24,709.66,709.79,702.7,706.32,37443140.0,2026-09-24T18:10:43+00:00
2026-08-25,711.22,714.04,707.45,710.72,23869650.0,2026-09-24T18:10:43+00:00
2026-08-26,708.41,713.02,707.97,711.37,20392390.0,2026-09-24T18:10:43+00:00
2026-08-27,716.93,721.35,714.525,721.11,28723450.0,2026-09-24T18:10:43+00:00
2026-08-28,719.74,724.125,715.085,716.43,34105370.0,2026-09-24T18:10:43+00:00
2026-08-31,715.17,717.58,713.16,716.76,32237180.0,2026-09-24T18:10:43+00:00
2026-09-01,707.39,712.3,704.66,707.64,35236120.0,2026-09-24T18:10:43+00:00
2026-09-02,707.1,709.7988,705.1,709.24,23476210.0,2026-09-24T18:10:43+00:00
2026-09-03,710.85,718.915,709.69,717.67,29449780.0,2026-09-24T18:10:43+00:00
2026-09-04,719.345,721.86,716.56,718.96,32871080.0,2026-09-24T18:10:43+00:00
2026-09-08,720.909,721.886,715.57,718.36,28341420.0,2026-09-24T18:10:43+00:00
2026-09-09,716.4,719.7,714.02,716.31,26763380.0,2026-09-24T18:10:43+00:00
2026-09-10,707.55,712.06,706.855,708.69,31414410.0,2026-09-24T18:10:43+00:00
2026-09-11,715.68,717.63,713.63,714.88,26649140.0,2026-09-24T18:10:43+00:00
2026-09-14,703.325,712.95,702.74,709.18,35218980.0,2026-09-24T18:10:43+00:00
2026-09-15,708.8,709.5299,703.635,704.54,26631660.0,2026-09-24T18:10:43+00:00
2026-09-16,708.0,711.88,700.0,704.72,35687960.0,2026-09-24T18:10:43+00:00
2026-09-17,715.95,718.0401,713.32,716.92,37270290.0,2026-09-24T18:10:43+00:00
2026-09-18,718.83,721.73,715.08,721.45,48478710.0,2026-09-24T18:10:43+00:00
2026-09-21,727.89,743.22,727.81,741.47,46730630.0,2026-09-24T18:10:43+00:00
2026-09-22,740.98,748.349,740.93,747.46,40128840.0,2026-09-24T18:10:43+00:00
2026-09-23,746.97,747.13,738.191,741.21,33191780.0,2026-09-24T18:10:43+00:00
2026-09-24,735.289,742.66,734.62,741.1,29000900.0,2026-09-25T22:30:10+00:00
2026-09-25,742.83,745.915,739.64,744.5,30283770.0,2026-09-26T06:07:31+00:00
2026-09-28,740.455,741.42,731.63,736.53,41775020.0,2026-09-29T22:30:18+00:00
