date,Open,High,Low,Close,Adj Close,Volume,captured_at
2026-08-26,535.3400268554688,535.9500122070312,533.3099975585938,534.22998046875,533.00146484375,1761300,2026-09-26T06:07:27+00:00
2026-08-27,533.5599975585938,536.6300048828125,532.9199829101562,535.219970703125,533.9891967773438,2500300,2026-09-26T06:07:27+00:00
2026-08-28,536.530029296875,537.72998046875,534.4000244140625,535.0599975585938,533.82958984375,2655400,2026-09-26T06:07:27+00:00
2026-08-31,533.5599975585938,533.5599975585938,530.780029296875,531.5700073242188,530.3475952148438,1744800,2026-09-26T06:07:27+00:00
2026-09-01,528.6699829101562,531.6500244140625,526.8400268554688,527.75,526.536376953125,3189300,2026-09-26T06:07:27+00:00
2026-09-02,529.510009765625,532.1699829101562,529.239990234375,530.6199951171875,529.3997802734375,3114500,2026-09-26T06:07:27+00:00
2026-09-03,534.0399780273438,537.6199951171875,532.9400024414062,536.9299926757812,535.6952514648438,4806300,2026-09-26T06:07:27+00:00
2026-09-04,535.1300048828125,536.3699951171875,532.9299926757812,534.0800170898438,532.8518676757812,2321500,2026-09-26T06:07:27+00:00
2026-09-08,530.219970703125,530.3900146484375,527.3499755859375,528.030029296875,526.8157958984375,3643200,2026-09-26T06:07:27+00:00
2026-09-09,525.6400146484375,525.739990234375,523.25,524.0700073242188,522.8648681640625,3782000,2026-09-26T06:07:27+00:00
2026-09-10,522.2899780273438,523.02001953125,519.7999877929688,520.75,519.552490234375,4748300,2026-09-26T06:07:27+00:00
2026-09-11,525.3699951171875,527.3599853515625,524.2899780273438,525.7899780273438,524.5808715820312,3435700,2026-09-26T06:07:27+00:00
2026-09-14,524.5399780273438,526.7899780273438,523.0999755859375,524.489990234375,523.2838745117188,2698100,2026-09-26T06:07:27+00:00
2026-09-15,523.1799926757812,523.6400146484375,519.2100219726562,521.22998046875,520.0313720703125,3226000,2026-09-26T06:07:27+00:00
2026-09-16,521.9000244140625,522.2999877929688,512.2899780273438,515.219970703125,514.03515625,5678700,2026-09-26T06:07:27+00:00
2026-09-17,520.489990234375,520.6699829101562,516.5499877929688,518.3499755859375,517.157958984375,4204900,2026-09-26T06:07:27+00:00
2026-09-18,516.52001953125,517.0800170898438,514.1500244140625,515.8800048828125,515.8800048828125,2690000,2026-09-26T06:07:27+00:00
2026-09-21,520.030029296875,520.52001953125,516.760009765625,519.780029296875,519.780029296875,3079200,2026-09-26T06:07:27+00:00
2026-09-22,522.47998046875,522.5499877929688,516.510009765625,518.0,518.0,3367800,2026-09-26T06:07:27+00:00
2026-09-23,516.02001953125,517.6599731445312,513.9500122070312,514.2999877929688,514.2999877929688,4171500,2026-09-26T06:07:27+00:00
2026-09-24,512.8499755859375,514.1400146484375,510.4200134277344,512.6799926757812,512.6799926757812,2761500,2026-09-26T06:07:27+00:00
2026-09-25,514.0,517.9199829101562,512.5900268554688,517.489990234375,517.489990234375,2788600,2026-09-26T06:07:27+00:00
2026-09-28,514.2899780273438,516.989990234375,513.2999267578125,514.02001953125,514.02001953125,2368462,2026-09-28T22:30:15+00:00
2026-09-29,513.7899780273438,514.219970703125,510.4599914550781,512.8800048828125,512.8800048828125,2549308,2026-09-29T22:30:14+00:00
2026-09-30,513.989990234375,514.1599731445312,508.3599853515625,508.5499877929687,508.5499877929687,2574791,2026-09-30T22:30:13+00:00
2026-10-01,509.3699951171875,510.9500122070313,504.7000122070313,508.6199951171875,508.6199951171875,4293798,2026-10-01T22:30:14+00:00
2026-10-02,512.5399780273438,513.0599975585938,508.69000244140625,511.1000061035156,511.1000061035156,3710080,2026-10-02T22:30:14+00:00
2026-10-05,510.3699951171875,513.27001953125,507.8500061035156,512.1099853515625,512.1099853515625,3183293,2026-10-05T22:30:14+00:00
2026-10-06,514.3200073242188,515.9810180664062,513.489990234375,514.5599975585938,514.5599975585938,2878210,2026-10-06T22:30:13+00:00
2026-10-07,510.4700012207031,511.8599853515625,508.4599914550781,511.0199890136719,511.0199890136719,4095368,2026-10-07T22:30:15+00:00
