file,key,col,old,new,seen_at
daily/QQQ.csv,2026-09-23,Volume,33099900,33191800,2026-09-24T22:30:13+00:00
daily/QQQ.csv,2026-09-23,Volume,33099900.0,33191800.0,2026-09-25T22:30:08+00:00
daily/QQQ.csv,2026-09-24,Open,735.1599731445312,735.2899780273438,2026-09-25T22:30:08+00:00
daily/QQQ.csv,2026-09-24,High,742.6500244140625,742.6599731445312,2026-09-25T22:30:08+00:00
daily/QQQ.csv,2026-09-24,Low,734.630126953125,734.6199951171875,2026-09-25T22:30:08+00:00
daily/QQQ.csv,2026-09-24,Volume,28622284.0,29000900.0,2026-09-25T22:30:08+00:00
daily/XLK.csv,2026-09-24,High,195.19000244140625,195.1999969482422,2026-09-25T22:30:08+00:00
daily/XLK.csv,2026-09-24,Low,192.6199951171875,192.61000061035156,2026-09-25T22:30:08+00:00
daily/XLK.csv,2026-09-24,Volume,6324299.0,6356900.0,2026-09-25T22:30:08+00:00
daily/_NDX.csv,2026-09-24,Open,30225.185546875,30225.189453125,2026-09-25T22:30:09+00:00
daily/_NDX.csv,2026-09-24,High,30529.34765625,30529.349609375,2026-09-25T22:30:09+00:00
daily/_NDX.csv,2026-09-24,Low,30204.1640625,30204.16015625,2026-09-25T22:30:09+00:00
daily/_NDX.csv,2026-09-24,Close,30478.85546875,30478.859375,2026-09-25T22:30:09+00:00
daily/_NDX.csv,2026-09-24,Adj Close,30478.85546875,30478.859375,2026-09-25T22:30:09+00:00
daily/_NDX.csv,2026-09-24,Volume,1135003000.0,8078820000.0,2026-09-25T22:30:09+00:00
nq_1m/NQZ26/2026-09.csv,2026-09-18T04:09:00Z,Volume,27,0,2026-09-25T22:30:18+00:00
nq_1m/NQH27/2026-09.csv,2026-09-18T04:24:00Z,Volume,1,0,2026-09-25T22:30:18+00:00
daily/QQQ.csv,2026-09-23,Volume,33099900.0,33191800.0,2026-09-26T06:07:25+00:00
daily/QQQ.csv,2026-09-24,Open,735.1599731445312,735.2899780273438,2026-09-26T06:07:25+00:00
daily/QQQ.csv,2026-09-24,High,742.6500244140625,742.6599731445312,2026-09-26T06:07:25+00:00
daily/QQQ.csv,2026-09-24,Low,734.630126953125,734.6199951171875,2026-09-26T06:07:25+00:00
daily/QQQ.csv,2026-09-24,Volume,28622284.0,29000900.0,2026-09-26T06:07:25+00:00
daily/QQQ.csv,2026-09-25,Open,742.8400268554688,742.8300170898438,2026-09-26T06:07:25+00:00
daily/QQQ.csv,2026-09-25,High,745.9149780273438,745.9199829101562,2026-09-26T06:07:25+00:00
daily/QQQ.csv,2026-09-25,Volume,30017218.0,30249200.0,2026-09-26T06:07:25+00:00
daily/XLK.csv,2026-09-24,High,195.19000244140625,195.1999969482422,2026-09-26T06:07:25+00:00
daily/XLK.csv,2026-09-24,Low,192.6199951171875,192.61000061035156,2026-09-26T06:07:25+00:00
daily/XLK.csv,2026-09-24,Volume,6324299.0,6356900.0,2026-09-26T06:07:25+00:00
daily/XLK.csv,2026-09-25,Volume,5968181.0,6000400.0,2026-09-26T06:07:25+00:00
daily/_NDX.csv,2026-09-24,Open,30225.185546875,30225.189453125,2026-09-26T06:07:26+00:00
daily/_NDX.csv,2026-09-24,High,30529.34765625,30529.349609375,2026-09-26T06:07:26+00:00
daily/_NDX.csv,2026-09-24,Low,30204.1640625,30204.16015625,2026-09-26T06:07:26+00:00
daily/_NDX.csv,2026-09-24,Close,30478.85546875,30478.859375,2026-09-26T06:07:26+00:00
daily/_NDX.csv,2026-09-24,Adj Close,30478.85546875,30478.859375,2026-09-26T06:07:26+00:00
daily/_NDX.csv,2026-09-24,Volume,1135003000.0,8078820000.0,2026-09-26T06:07:26+00:00
daily/_NDX.csv,2026-09-25,Open,30517.45703125,30517.4609375,2026-09-26T06:07:26+00:00
daily/_NDX.csv,2026-09-25,High,30667.55859375,30667.560546875,2026-09-26T06:07:26+00:00
daily/_NDX.csv,2026-09-25,Low,30413.5859375,30413.58984375,2026-09-26T06:07:26+00:00
daily/_NDX.csv,2026-09-25,Close,30608.134765625,30608.130859375,2026-09-26T06:07:26+00:00
daily/_NDX.csv,2026-09-25,Adj Close,30608.134765625,30608.130859375,2026-09-26T06:07:26+00:00
daily/_NDX.csv,2026-09-25,Volume,1056650000.0,7275260000.0,2026-09-26T06:07:26+00:00
nq_1m/NQZ26/2026-09.csv,2026-09-18T04:09:00Z,Volume,27,0,2026-09-26T06:07:39+00:00
nq_1m/NQH27/2026-09.csv,2026-09-18T04:24:00Z,Volume,1,0,2026-09-26T06:07:39+00:00
